{
  "id": "03bbd6cb-9fd7-40e5-a023-fd62a9acb85b",
  "name": "LocalPlace",
  "isOverridable": true,
  "entries": [
    {
      "value": "Embedded Systems lab",
      "synonyms": [
        "Embedded Systems lab"
      ]
    },
    {
      "value": "Robotics lab",
      "synonyms": [
        "Robotics lab"
      ]
    },
    {
      "value": "Power electronics lab",
      "synonyms": [
        "Power electronics lab"
      ]
    },
    {
      "value": "Chemistry lab",
      "synonyms": [
        "Chemistry lab"
      ]
    },
    {
      "value": "High performance computing lab",
      "synonyms": [
        "High performance computing lab"
      ]
    },
    {
      "value": "Radio lab",
      "synonyms": [
        "Radio lab"
      ]
    },
    {
      "value": "Controls systems lab",
      "synonyms": [
        "Controls systems lab"
      ]
    },
    {
      "value": "staff offices",
      "synonyms": [
        "staff offices"
      ]
    },
    {
      "value": "ECE department",
      "synonyms": [
        "ECE department"
      ]
    },
    {
      "value": "ECE labs",
      "synonyms": [
        "ECE labs"
      ]
    },
    {
      "value": "Bathroom",
      "synonyms": [
        "Bathroom"
      ]
    },
    {
      "value": "Kitchen",
      "synonyms": [
        "Kitchen"
      ]
    },
    {
      "value": "Lunch room",
      "synonyms": [
        "Lunch room"
      ]
    },
    {
      "value": "Staff room",
      "synonyms": [
        "Staff room"
      ]
    },
    {
      "value": "Stairs",
      "synonyms": [
        "Stairs"
      ]
    },
    {
      "value": "Elevator",
      "synonyms": [
        "Elevator"
      ]
    },
    {
      "value": "Cafe",
      "synonyms": [
        "Cafe"
      ]
    },
    {
      "value": "location",
      "synonyms": [
        "location"
      ]
    }
  ],
  "isEnum": true,
  "automatedExpansion": true
}